名称,地址,经度,纬度,电话,类型,typecode,城市,adcode
应急避难场所,和硕东街与益州大道北段辅路交叉口西40米,104.059873,30.594416,,公共设施;公共设施;公共设施,200000,成都市,510107
应急避难场所,锦江街与红瓦店街交叉口西北320米,103.619692,30.733991,,公共设施;公共设施;公共设施,200000,成都市,510184
应急避难场所(光华大道三段),光华大道三段辅路与天宝西街交叉口东120米,103.859114,30.686536,,公共设施;公共设施;公共设施,200000,成都市,510115
应急避难场所(君平街90号院东北),小南街与蜀华街交叉口东220米,104.057494,30.657606,,公共设施;紧急避难场所;紧急避难场所,200400,成都市,510105
应急避难场所,石人北路石人公园(西北角),104.029203,30.675121,,公共设施;紧急避难场所;紧急避难场所,200400,成都市,510105
应急避难场所,龙塔路2号,103.948378,30.994929,,公共设施;紧急避难场所;紧急避难场所,200400,成都市,510182
应急避难场所,竹瓦街与213国道交叉口西160米,103.772171,30.887873,,公共设施;公共设施;公共设施,200000,成都市,510117
应急避难场所,羊石街776号附近,103.683267,30.946682,,公共设施;公共设施;公共设施,200000,成都市,510181
应急避难场所,东滨路中段与龙颈路交叉口东20米,104.535573,30.408404,,公共设施;公共设施;公共设施,200000,成都市,510185
应急避难场所(成都市锦江区人民政府东北),金像寺路与静祥路交叉口西180米,104.118000,30.598944,,公共设施;紧急避难场所;紧急避难场所,200400,成都市,510104
应急避难场所(西二路),石犀路与蚕丛路交叉口南100米,104.061245,30.776803,,公共设施;紧急避难场所;紧急避难场所,200400,成都市,510114
浣花溪公园应急避难场所,青华路9号(近青羊正街),104.033373,30.662437,,公共设施;紧急避难场所;紧急避难场所,200400,成都市,510105
应急避难场所,成都成华区云龙路2号旁边,104.110003,30.701155,,公共设施;公共设施;公共设施,200000,成都市,510108
应急避难场所,滨河路三段168号,104.057862,30.522693,,公共设施;紧急避难场所;紧急避难场所,200400,成都市,510116
应急避难场所,天府二街与剑南大道中段辅路交叉口东南220米,104.048434,30.550260,,公共设施;紧急避难场所;紧急避难场所,200400,成都市,510107
应急避难场所(灯笼街),灯笼街140号,104.061585,30.675005,,公共设施;紧急避难场所;紧急避难场所,200400,成都市,510105
应急避难场所,073县道与010乡道交叉口东100米,103.425679,30.415592,,公共设施;公共设施;公共设施,200000,成都市,510183
应急避难场所,华檬路与双华场二街交叉口西180米,103.961343,30.536167,,公共设施;公共设施;公共设施,200000,成都市,510116
应急避难场所,伍杨路东50米,103.732322,30.523664,,公共设施;公共设施;公共设施,200000,成都市,510129
应急避难场所(荆竹中路),荆竹中路与昭觉寺南路辅路交叉口东100米,104.104528,30.713447,,公共设施;紧急避难场所;紧急避难场所,200400,成都市,510108
应急避难场所(秀苑路),秀苑路与建设北路二段交叉口北200米,104.104560,30.675901,,公共设施;紧急避难场所;紧急避难场所,200400,成都市,510108
应急避难场所,牧山路三段辅路与云岭路交叉口东北460米,103.912294,30.531426,,公共设施;公共设施;公共设施,200000,成都市,510116
应急避难场所,土地坳村党群服务中心西北侧,104.424116,30.121098,,公共设施;公共设施;公共设施,200000,成都市,510185
应急避难场所(中海名城北),紫荆西路与神仙树南路交叉口西20米,104.047599,30.616849,,公共设施;紧急避难场所;紧急避难场所,200400,成都市,510107
应急避难场所(光华东三路),光华东三路与光华北三路交叉口西60米,103.962667,30.671635,,公共设施;紧急避难场所;紧急避难场所,200400,成都市,510105
应急避难场所(汇东路),汇东路与自由路交叉口东南20米,104.767997,29.342599,,公共设施;紧急避难场所;紧急避难场所,200400,自贡市,510302
应急避难场所(丹桂大街),丹桂大街与汇东路交叉口东南60米,104.777404,29.345199,,公共设施;紧急避难场所;紧急避难场所,200400,自贡市,510302
应急避难场所,盐马路与贡兴路交叉口西北60米,104.725364,29.338474,,公共设施;紧急避难场所;紧急避难场所,200400,自贡市,510303
应急避难场所(自贡市贡井区教育局东南),贡雷路与东风路交叉口西北200米,104.717385,29.350339,,公共设施;紧急避难场所;紧急避难场所,200400,自贡市,510303
应急避难场所,育才路与胜利巷交叉口西80米,104.714095,29.344822,,公共设施;紧急避难场所;紧急避难场所,200400,自贡市,510303
应急避难场所,金鱼路与青杠林路交叉口东南200米,104.716495,29.341825,,公共设施;紧急避难场所;紧急避难场所,200400,自贡市,510303
应急避难场所,建设路与贡芝路交叉口北150米建设派出所附近,104.654546,29.344758,,公共设施;公共设施;公共设施,200000,自贡市,510303
沿滩区区委广场避难场所,沿滩镇开元南路152号,104.876801,29.271900,,公共设施;紧急避难场所;紧急避难场所,200400,自贡市,510311
沿滩中学避难场所,沿滩镇开元中路4号,104.874416,29.273430,,公共设施;紧急避难场所;紧急避难场所,200400,自贡市,510311
自贡市职业技术学校避难场所,板仓路81号,104.815174,29.314994,,公共设施;紧急避难场所;紧急避难场所,200400,自贡市,510311
大安小学应急避难场所,新村路74号,104.779720,29.364928,,公共设施;紧急避难场所;紧急避难场所,200400,自贡市,510304
应急避难场所(元亨新苑西北),金鱼路与青杠林路交叉口东460米,104.719299,29.341756,,公共设施;紧急避难场所;紧急避难场所,200400,自贡市,510303
应急避难场所(贡兴路),贡兴路与盐马路交叉口西南40米,104.725537,29.337991,,公共设施;紧急避难场所;紧急避难场所,200400,自贡市,510303
应急掩蔽场所(汇勤路),汇勤路与汇雅路交叉口西80米,104.763702,29.331207,,公共设施;紧急避难场所;紧急避难场所,200400,自贡市,510302
人防工程,攀枝花大道东段与鸿海巷交叉口东南200米,101.728069,26.572267,,公共设施;紧急避难场所;紧急避难场所,200400,攀枝花市,510402
应急避难场所(攀枝花市金沙公园),攀枝花大道中段与353国道交叉口北120米,101.700113,26.554001,,政府机构及社会团体;政府机关;政府机关相关,130100,攀枝花市,510402
应急避难场所,彩和巷与彩虹路交叉口西440米,101.844605,26.540589,,公共设施;公共设施;公共设施,200000,攀枝花市,510411
应急避难场所(桃源街),桃源街90号,101.723782,26.582686,,公共设施;紧急避难场所;紧急避难场所,200400,攀枝花市,510402
应急避难场所,下大街与卿巷子交叉口东北40米,105.448751,28.902946,,公共设施;公共设施;公共设施,200000,泸州市,510504
应急避难场所,321国道东100米,105.363649,29.205111,,公共设施;公共设施;公共设施,200000,泸州市,510521
高山村九组地质灾害避难场所,高山村九组高山小学内,106.159210,28.034728,,公共设施;公共设施;公共设施,200000,泸州市,510525
应急避难场所,308省道东100米,105.810863,28.825315,,公共设施;公共设施;公共设施,200000,泸州市,510522
应急避难场所,公园路与荔乡路交叉口西北200米,105.830734,28.804411,,公共设施;公共设施;公共设施,200000,泸州市,510522
纳溪中学泸天化校区应急避难场所,永宁路一段四川省纳溪中学校(泸天化校区),105.381769,28.772281,,公共设施;公共设施;公共设施,200000,泸州市,510503
应急避难场所(沸水小学),秀沸路606乡道,104.279352,31.549754,,公共设施;紧急避难场所;紧急避难场所,200400,绵阳市,510705
安州区湿地公园应急避难场所,白鹤路5号,104.571197,31.531738,,公共设施;紧急避难场所;紧急避难场所,200400,绵阳市,510705
应急避难场所(千佛小学),千佛山路185号,104.282792,31.692906,,公共设施;紧急避难场所;紧急避难场所,200400,绵阳市,510705
应急避难场所(滨河北路东段),青年路5号,104.765770,31.454548,,公共设施;紧急避难场所;紧急避难场所,200400,绵阳市,510703
应急避难场所,西顺城街与新西外街交叉口南60米,105.085138,31.087529,,公共设施;公共设施;公共设施,200000,绵阳市,510722
沙汀实验小学应急避难场所,前进路190号,104.544799,31.543402,,公共设施;紧急避难场所;紧急避难场所,200400,绵阳市,510705
应急避难场所(宝林小学),兴隆街35号,104.438798,31.422686,,公共设施;紧急避难场所;紧急避难场所,200400,绵阳市,510705
应急避难场所(人防广场),安绵大道南段21号,104.594948,31.500454,,公共设施;紧急避难场所;紧急避难场所,200400,绵阳市,510705
应急避难场所,潼江路北段与中和街西段交叉口北160米,105.154944,31.633415,,公共设施;公共设施;公共设施,200000,绵阳市,510725
应急避难场所(天池村),,104.198660,31.580493,,公共设施;紧急避难场所;紧急避难场所,200400,绵阳市,510705
应急避难场所(秀水镇政府),南锦街79号,104.341759,31.509391,,公共设施;紧急避难场所;紧急避难场所,200400,绵阳市,510705
应急避难场所,益昌东路236号,104.565831,31.548894,,公共设施;紧急避难场所;紧急避难场所,200400,绵阳市,510705
应急避难场所(安州中学),文苑路西段1号,104.554388,31.534509,,公共设施;紧急避难场所;紧急避难场所,200400,绵阳市,510705
应急避难场所(安州文化广场),辽安路84号,104.563260,31.530986,,公共设施;紧急避难场所;紧急避难场所,200400,绵阳市,510705
应急避难场所(永盛小学),罗胜街北段25号,104.551419,31.544994,,公共设施;紧急避难场所;紧急避难场所,200400,绵阳市,510705
应急避难场所(安州初中),大南街南段46号,104.559011,31.540864,,公共设施;紧急避难场所;紧急避难场所,200400,绵阳市,510705
应急避难场所(界牌初中),安绵大道南段58号,104.594416,31.497220,,公共设施;紧急避难场所;紧急避难场所,200400,绵阳市,510705
安州区高级职业中学应急避难场所,塔九路215号,104.542490,31.538016,,公共设施;紧急避难场所;紧急避难场所,200400,绵阳市,510705
应急避难场所(春田花花幼儿园),外北街22号,104.328197,31.420310,,公共设施;紧急避难场所;紧急避难场所,200400,绵阳市,510705
应急避难所(乐兴初中),安罗路,104.429011,31.544966,,公共设施;紧急避难场所;紧急避难场所,200400,绵阳市,510705
应急避难场所(泉水村委会),619乡道,104.169048,31.625128,,公共设施;紧急避难场所;紧急避难场所,200400,绵阳市,510705
应急避难场所(茅香村委会),墩秀路茅香村委会内部,104.193427,31.613235,,公共设施;紧急避难场所;紧急避难场所,200400,绵阳市,510705
应急避难场所(沸水村委会),秀沸路110县,104.285011,31.556854,,公共设施;紧急避难场所;紧急避难场所,200400,绵阳市,510705
应急避难场所(迎新小学),永雎路607乡道,104.290228,31.472356,,公共设施;紧急避难场所;紧急避难场所,200400,绵阳市,510705
应急避难场所(桑枣中学),听雨巷17栋,104.329727,31.587151,,公共设施;紧急避难场所;紧急避难场所,200400,绵阳市,510705
应急避难场所(兴安路),兴安路与育才北路交叉口西160米,105.849882,32.434679,,公共设施;紧急避难场所;紧急避难场所,200400,广元市,510802
应急避难场所,东苑路与利州东路二段交叉口南100米,105.858834,32.430819,,公共设施;紧急避难场所;紧急避难场所,200400,广元市,510802
紧急疏散集合地点,,106.023736,31.813843,,公共设施;紧急避难场所;紧急避难场所,200400,广元市,510824
应急避难场所,京兆路与滨河路交叉口南120米,105.962529,32.320248,,公共设施;公共设施;公共设施,200000,广元市,510811
紧急避难场所,123县道西100米武连中学附近,105.274446,31.868173,,公共设施;公共设施;公共设施,200000,广元市,510823
应急避难场所(石器路),石器路与文化路交叉口北100米,105.861232,32.430070,,公共设施;紧急避难场所;紧急避难场所,200400,广元市,510802
应急避难场所,202省道北50米,106.104695,32.231476,,公共设施;紧急避难场所;紧急避难场所,200400,广元市,510821
应急避难场所,老君殿道观北侧210米,105.469356,32.136822,,公共设施;公共设施;公共设施,200000,广元市,510823
遂州新城3期人防工程,九宗书院路288号,105.614052,30.518506,,公共设施;紧急避难场所;紧急避难场所,200400,遂宁市,510903
士博客运站应急避难场所,双桥路380号,105.275645,30.570008,,公共设施;紧急避难场所;紧急避难场所,200400,遂宁市,510923
应急避难场所,白塔街与西湖街交叉口西南260米,105.705544,30.772834,,公共设施;公共设施;公共设施,200000,遂宁市,510921
应急避难场所,滨江北路与北河街交叉口东60米,105.574325,30.516033,,公共设施;紧急避难场所;紧急避难场所,200400,遂宁市,510903
锦华公园应急避难场所,介福西路与渠河中路交叉口东60米,105.564323,30.517610,,公共设施;紧急避难场所;紧急避难场所,200400,遂宁市,510903
郪江外国语学校应急避难场所,太吉大道,105.236105,30.580787,,公共设施;公共设施;公共设施,200000,遂宁市,510923
应急避难场所,滨江北路与圣母巷交叉口东北60米,105.575195,30.513555,,公共设施;紧急避难场所;紧急避难场所,200400,遂宁市,510903
双龙公园应急避难场所,郪江东路253号,105.262164,30.584936,,公共设施;紧急避难场所;紧急避难场所,200400,遂宁市,510923
政务服务中心应急避难场所,天星大道,105.241486,30.604473,,公共设施;紧急避难场所;紧急避难场所,200400,遂宁市,510923
蓬莱小学应急避难场所,书院街44号,105.252907,30.578812,,公共设施;紧急避难场所;紧急避难场所,200400,遂宁市,510923
应急掩蔽场所(滨江中路),明月路307-4-1号附近,105.574020,30.518629,,公共设施;紧急避难场所;紧急避难场所,200400,遂宁市,510903
应急避难场所,汉安大道与汉安大道中段交叉口东60米,105.076145,29.604127,,公共设施;公共设施;公共设施,200000,内江市,511011
应急避难场所,资州大道与321国道交叉口西南150米,104.865156,29.760112,,公共设施;公共设施;公共设施,200000,内江市,511025
应急避难场所,榕树街与兴隆路交叉口西北80米,105.066543,29.599756,,公共设施;公共设施;公共设施,200000,内江市,511011
资中县归德镇归德中心校应急避难场所,归渔路与512乡道交叉口西南100米,104.746085,29.849557,,公共设施;公共设施;公共设施,200000,内江市,511025
紧急避难场所(江华街),江华街与南环路交叉口东40米,105.057417,29.569997,,公共设施;紧急避难场所;紧急避难场所,200400,内江市,511002
罗泉镇人民政府应急避难场所,罗泉镇卫生院西北侧130米,104.506132,29.825959,,公共设施;公共设施;公共设施,200000,内江市,511025
张铺儿村避难场所,金水湾路东50米张铺儿村党支部附近,103.702766,29.610360,,公共设施;公共设施;公共设施,200000,乐山市,511102
苏稽镇应急避难场所,簸箕街与新市街交叉口东北20米,103.666210,29.591412,,公共设施;公共设施;公共设施,200000,乐山市,511102
南安乡应急避难场所,双木路西50米,103.491664,29.770836,,公共设施;公共设施;公共设施,200000,乐山市,511126
符溪镇径山社区应急避难场所,符溪镇综合文化站南侧,103.566985,29.603503,,公共设施;公共设施;公共设施,200000,乐山市,511181
应急避难场所,池豪沟街与西街交叉口东50米,103.946597,29.206835,,公共设施;公共设施;公共设施,200000,乐山市,511123
应急避难场所(领地·莱佛士滨江公园),滨江路北段与银湾街交叉口西北60米,103.758102,29.600116,,政府机构及社会团体;政府机关;政府机关相关,130100,乐山市,511102
高坪区应急避难场所(安汉广场),沁园路52号附1号,106.119537,30.779217,,公共设施;公共设施;公共设施,200000,南充市,511303
高坪区应急避难场所(白塔公园),鹤鸣西路白塔公园,106.104836,30.785946,,公共设施;公共设施;公共设施,200000,南充市,511303
新时代广场应急避难所,永安大道与文华路交叉口南280米,106.588204,31.083224,,公共设施;紧急避难场所;紧急避难场所,200400,南充市,511322
应急避难场所,南充技师学院东南侧140米,105.979966,30.960073,,公共设施;公共设施;公共设施,200000,南充市,511325
南充市大型避难场所,嘉南路三段与茶盘路四段交叉口北140米,106.054199,30.750880,,公共设施;紧急避难场所;紧急避难场所,200400,南充市,511304
西充县应急避难场所(天宝中学),晋城大道四段与东风路交叉口西60米,105.899995,30.993231,,公共设施;公共设施;公共设施,200000,南充市,511325
应急避难场所,阆水东路东50米,105.987356,31.600785,,公共设施;公共设施;公共设施,200000,南充市,511381
应急避难场所,天马寺街与商城路西段交叉口北80米,105.965078,31.584967,,公共设施;紧急避难场所;紧急避难场所,200400,南充市,511381
观音村6组应急避难场所,兴隆北路48-49号,106.528987,31.076570,,公共设施;公共设施;公共设施,200000,南充市,511322
应急避难场所,212国道与阆山路交叉口西北420米,105.988106,31.568148,,公共设施;公共设施;公共设施,200000,南充市,511381
应急避难场所,青山农场东南侧140米,106.169586,30.901531,,公共设施;公共设施;公共设施,200000,南充市,511302
高坪区应急避难场所,安汉大道安汉路与解放大道沁园路交叉口东南40米,106.118835,30.779220,,公共设施;紧急避难场所;紧急避难场所,200400,南充市,511303
应急避难场所,滨江大道滨江南路一段与紫府路三段交叉口东南20米,106.079943,30.761251,,公共设施;公共设施;公共设施,200000,南充市,511304
紧急避难场所(步行巷),嘉陵中路与建设北路交叉口东南80米,106.408674,31.031374,,公共设施;紧急避难场所;紧急避难场所,200400,南充市,511323
应急避难场所,眉山中学校校内,103.824637,30.061184,,公共设施;公共设施;公共设施,200000,眉山市,511402
激情广场应急避难场所,红星路与临江街交叉口西北60米,103.852060,30.050011,,公共设施;公共设施;公共设施,200000,眉山市,511402
应急避难场所(湖滨路南二段),湖滨路南二段与裴城路交叉口北300米,103.851848,30.058220,,公共设施;紧急避难场所;紧急避难场所,200400,眉山市,511402
苏辙小学应急避难场所,信和·公园1号西南侧170米,103.869343,30.071024,,公共设施;公共设施;公共设施,200000,眉山市,511402
应急避难场所,复合邮政代办所东南侧150米,104.392008,29.793566,,公共设施;公共设施;公共设施,200000,眉山市,511421
前卫村避难场所,,104.374156,29.907124,,政府机构及社会团体;政府机关;政府机关相关,130100,眉山市,511421
紧急避难场所(二环东路),二环东路辅路与吴巷子路交叉口东南80米,103.851051,30.051172,,公共设施;紧急避难场所;紧急避难场所,200400,眉山市,511402
应急避难场所(水岸果乡湿地公园),水岸果乡湿地公园北侧,103.794188,29.730799,,政府机构及社会团体;政府机关;政府机关相关,130100,眉山市,511425
应急避难场所,竹里海棠公园西南侧,103.823601,29.811771,,公共设施;公共设施;公共设施,200000,眉山市,511425
虎渡社区应急避难场所,虎渡社区西北侧,103.853965,29.807016,,政府机构及社会团体;政府机关;政府机关相关,130100,眉山市,511425
应急避难场所,滨江路与德公路交叉口北20米,104.962508,28.819976,,公共设施;公共设施;公共设施,200000,宜宾市,511503
高县文江镇柳湖公园应急避难场所,解放街与柳怀路交叉口东南20米,104.562258,28.393012,,公共设施;公共设施;公共设施,200000,宜宾市,511525
应急避难场所,正街7号,104.795936,28.804039,,公共设施;紧急避难场所;紧急避难场所,200400,宜宾市,511502
抗洪救灾应急避难场所,正平饭店北侧90米,104.572321,28.673094,,公共设施;公共设施;公共设施,200000,宜宾市,511504
兴文县市民广场应急避难场所,凌霄路1-146号,105.210336,28.318770,,公共设施;紧急避难场所;紧急避难场所,200400,宜宾市,511528
双三公园应急避难场所,滨河东街北一段与民生路交叉口西北20米,104.711716,28.447192,,公共设施;紧急避难场所;紧急避难场所,200400,宜宾市,511526
应急避难场所,大乘镇柏杨村白坪组柏杨小学附近,104.323344,28.785551,,公共设施;紧急避难场所;紧急避难场所,200400,宜宾市,511529
应急避难场所,宜彝高速入口与S4成宜昭高速入口交叉口南420米,104.542618,27.913187,,公共设施;紧急避难场所;紧急避难场所,200400,宜宾市,511527
茶店村应急避难场所,上街4号,106.578259,30.587640,,公共设施;公共设施;公共设施,200000,广安市,511602
应急避难场所,滨河路一段与环形巷交叉口西40米,106.629006,30.454144,,公共设施;紧急避难场所;紧急避难场所,200400,广安市,511602
应急避难场所,滨河路三段与利民北街交叉口西80米,106.640373,30.453813,,公共设施;紧急避难场所;紧急避难场所,200400,广安市,511602
应急避难场所(幸福街),幸福街7号,106.637556,30.484320,,公共设施;紧急避难场所;紧急避难场所,200400,广安市,511602
应急避难场所(平安大道),平安大道123号,106.631323,30.463275,,公共设施;紧急避难场所;紧急避难场所,200400,广安市,511602
应急避难场所(西溪路),西溪世家东侧110米,106.625282,30.462015,,公共设施;紧急避难场所;紧急避难场所,200400,广安市,511602
应急避难场所(滨河路二段),滨河路二段154号,106.635104,30.449969,,公共设施;紧急避难场所;紧急避难场所,200400,广安市,511602
应急避难场所(公园街),公园街126号,106.637770,30.446900,,公共设施;紧急避难场所;紧急避难场所,200400,广安市,511602
应急避难场所(东阳国际酒店西北),思源大道广安思源广场,106.640065,30.460997,,公共设施;紧急避难场所;紧急避难场所,200400,广安市,511602
应急避难场所(会展街),五福西路与会展街交叉口北20米,106.626419,30.460458,,公共设施;紧急避难场所;紧急避难场所,200400,广安市,511602
应急避难场所(明月山温泉公园),明月山温泉公园西侧,107.071365,30.127772,,政府机构及社会团体;政府机关;政府机关相关,130100,广安市,511623
华蓥市双河四中应急避险场所,双枪路双河四中,106.782743,30.379855,,公共设施;紧急避难场所;紧急避难场所,200400,广安市,511681
中华小学应急避险场所,,106.308359,30.388644,,公共设施;公共设施;公共设施,200000,广安市,511622
应急避难场所,新南街与达川大道二段交叉口东北20米,107.505205,31.194546,,公共设施;公共设施;公共设施,200000,达州市,511703
应急避难场所(翠屏路),大北街与小北巷交叉口东南140米,107.501304,31.212511,,公共设施;紧急避难场所;紧急避难场所,200400,达州市,511702
应急避难场所(荷叶街),荷叶街与翠屏路交叉口东北40米,107.500640,31.211812,,公共设施;紧急避难场所;紧急避难场所,200400,达州市,511702
煌歌广场应急避难场所,新华路东段与一环路北段交叉口东北40米,107.207153,30.736417,,公共设施;公共设施;公共设施,200000,达州市,511724
应急避难场所,来凤路与中心广场步行街交叉口东40米,107.501465,31.214399,,公共设施;公共设施;公共设施,200000,达州市,511702
应急避难场所,戛云路与余罗巷交叉口西南40米,107.490504,31.211196,,公共设施;公共设施;公共设施,200000,达州市,511703
应急避难场所(西城中央公园),红星路与博文街交叉口东南40米,107.462825,31.236502,,政府机构及社会团体;政府机关;政府机关相关,130100,达州市,511702
应急避难场所(天生花园),天生花园西北侧,107.203599,30.689852,,政府机构及社会团体;政府机关;政府机关相关,130100,达州市,511724
应急避难场所(百节溪公园),新岩北路与西华大道交叉口西北60米,107.695725,31.354125,,政府机构及社会团体;政府机关;政府机关相关,130100,达州市,511722
应急掩蔽场所(西胜街),西胜街90-6号附近,107.493362,31.214416,,公共设施;紧急避难场所;紧急避难场所,200400,达州市,511702
通川区应急避险场所,凤翔街与达州绕城公路交叉口东南150米,107.434059,31.222053,,公共设施;公共设施;公共设施,200000,达州市,511702
应急避难场所,雅安博物馆,102.995348,29.985894,,公共设施;公共设施;公共设施,200000,雅安市,511802
应急避难场所,田家炳中学西侧50米,103.067366,29.993411,,公共设施;公共设施;公共设施,200000,雅安市,511802
大川镇小河村应急避难场所,大川镇小河村,103.134624,30.544261,,公共设施;公共设施;公共设施,200000,雅安市,511826
大河村应急避难场所,大河村坪溪聚居点东侧60米,102.971625,30.340825,,公共设施;公共设施;公共设施,200000,雅安市,511826
应急避难场所,九襄镇东风路篮球场,102.618184,29.497055,,公共设施;公共设施;公共设施,200000,雅安市,511823
应急避难场所(新阳村),九襄镇新阳村村委会,102.600441,29.504353,,公共设施;公共设施;公共设施,200000,雅安市,511823
汉源县入城公园应急避难场所,108国道与富林大道一段交叉口南40米,102.637369,29.359982,,公共设施;公共设施;公共设施,200000,雅安市,511823
紧急避难所,蒙顶山大道与皇茶大道交叉口西260米,103.093283,30.074765,,公共设施;紧急避难场所;紧急避难场所,200400,雅安市,511803
汉源县体育公园应急避难场所,滨湖大道二段与友谊路交叉口西南160米,102.647870,29.346128,,政府机构及社会团体;政府机关;政府机关相关,130100,雅安市,511823
应急避难场所(绿洲路),绿洲路179号,103.015518,29.977230,,公共设施;紧急避难场所;紧急避难场所,200400,雅安市,511802
汉源县第二中学应急避难场所,源祥路一段与源祥路二段交叉口北160米,102.639145,29.343645,,政府机构及社会团体;政府机关;政府机关相关,130100,雅安市,511823
人民公园-应急避难场所,江汉大道三段与江汉大道四段交叉口北120米,102.646577,29.343560,,公共设施;公共设施;公共设施,200000,雅安市,511823
芦山县思延镇铜头应急避难场所,002乡道西北30米,102.887175,30.148975,,公共设施;公共设施;公共设施,200000,雅安市,511826
马烈乡应急避难场所,马烈乡新华小学北侧,102.806575,29.367825,,公共设施;公共设施;公共设施,200000,雅安市,511823
顺河彝族乡应急避险场所,顺河彝族乡万工社区,102.727832,29.316355,,公共设施;紧急避难场所;紧急避难场所,200400,雅安市,511823
应急避难场所,419乡道与139县道交叉口西500米,105.077426,30.085786,,公共设施;公共设施;公共设施,200000,资阳市,512022
应急避难场所,外西街与金泰街交叉口东南40米,105.020239,30.282069,,公共设施;公共设施;公共设施,200000,资阳市,512022
应急避难场所,海慧路与外南街交叉口南220米,105.336179,30.093399,,公共设施;紧急避难场所;紧急避难场所,200400,资阳市,512021
阳光社区临时应急避难点,穗威路与阳光大道交叉口西60米,103.575569,31.468122,,公共设施;紧急避难场所;紧急避难场所,200400,阿坝藏族羌族自治州,513221
应急避难场所,顺城北路与滨江路交叉口北220米,103.599761,32.638111,,公共设施;紧急避难场所;紧急避难场所,200400,阿坝藏族羌族自治州,513224
阳光社区应急避难点,阳光大道西100米,103.574165,31.465448,,公共设施;紧急避难场所;紧急避难场所,200400,阿坝藏族羌族自治州,513221
应急避难场所,商业街与精品街交叉口西60米,102.962448,33.576713,,公共设施;紧急避难场所;紧急避难场所,200400,阿坝藏族羌族自治州,513232
党坝乡人民政府应急避难场所,248国道与卡拉脚路交叉口东北360米,102.029438,31.659405,,公共设施;公共设施;公共设施,200000,阿坝藏族羌族自治州,513226
祥和广场应急避难场所,文化巷与崇唐巷交叉口西南120米,102.544618,32.791254,,政府机构及社会团体;政府机关;政府机关相关,130100,阿坝藏族羌族自治州,513233
应急避难场所(红岩乡人民政府西),302省道北50米,103.118612,32.069849,,公共设施;紧急避难场所;紧急避难场所,200400,阿坝藏族羌族自治州,513228
江茸乡应急避难场所,江茸乡小学校西北侧80米,102.254319,32.461368,,公共设施;公共设施;公共设施,200000,阿坝藏族羌族自治州,513233
紧急避难场所,九红草原风光路与阳嘎中街交叉口南20米,102.543222,32.796349,,公共设施;紧急避难场所;紧急避难场所,200400,阿坝藏族羌族自治州,513233
应急避难场所(商业街一巷),商业街与精品街交叉口西北60米,102.962882,33.577026,,公共设施;紧急避难场所;紧急避难场所,200400,阿坝藏族羌族自治州,513232
应急避难场所(木苏乡人民政府东南),302省道附近,103.261071,32.015401,,公共设施;紧急避难场所;紧急避难场所,200400,阿坝藏族羌族自治州,513228
应急避难场所(北门体育馆),西大街178号,101.964154,30.058254,,公共设施;紧急避难场所;紧急避难场所,200400,甘孜藏族自治州,513301
巴塘县中山广场避难场所,金弦子大道349号,99.109354,30.004595,,公共设施;紧急避难场所;紧急避难场所,200400,甘孜藏族自治州,513335
应急避难场所(停机坪),情歌东路10号民用停机坪,101.960330,29.997178,,公共设施;紧急避难场所;紧急避难场所,200400,甘孜藏族自治州,513301
德格县印经院小广场临时应急避难场所,巴宫街13号,98.580731,31.803757,,公共设施;紧急避难场所;紧急避难场所,200400,甘孜藏族自治州,513330
应急避难场所(新龙县色威镇乐安小学),尼拖村33号-1,100.300051,31.188971,,公共设施;紧急避难场所;紧急避难场所,200400,甘孜藏族自治州,513329
龙灯乡人民政府应急避难,中国熊猫大道,101.395000,30.673255,,公共设施;紧急避难场所;紧急避难场所,200400,甘孜藏族自治州,513326
德格县人民政府临时应急避难场所,德兴路46号,98.580931,31.806395,,公共设施;紧急避难场所;紧急避难场所,200400,甘孜藏族自治州,513330
德格县第二完全小学临时应急避难场所,藏医街12号,98.577501,31.801908,,公共设施;紧急避难场所;紧急避难场所,200400,甘孜藏族自治州,513330
德格县城关第一完全小临时应急避难场所,雍珠路40号,98.580757,31.807955,,公共设施;紧急避难场所;紧急避难场所,200400,甘孜藏族自治州,513330
龙灯乡人民政府应急避难场所,中国熊猫大道,101.394719,30.673030,,公共设施;紧急避难场所;紧急避难场所,200400,甘孜藏族自治州,513326
雅江县城北广场应急避难场所,川藏街157号,101.014660,30.033910,,公共设施;紧急避难场所;紧急避难场所,200400,甘孜藏族自治州,513325
香巴拉镇登仲村应急避难场所,香巴拉南路186号,99.801702,28.922018,,公共设施;公共设施;公共设施,200000,甘孜藏族自治州,513336
应急避难场所(康定市第一中学),西大街290号康定民族中学,101.965073,30.057187,,公共设施;紧急避难场所;紧急避难场所,200400,甘孜藏族自治州,513301
苏哇龙乡王大龙村避难场所,215国道,99.075315,29.329368,,公共设施;紧急避难场所;紧急避难场所,200400,甘孜藏族自治州,513335
巴塘县中学应急避难场所,古柏路6-附2号,99.104041,30.006715,,公共设施;紧急避难场所;紧急避难场所,200400,甘孜藏族自治州,513335
四川省甘孜州稻城县蒙自乡桑达村应急避难场所,,100.485389,28.626349,,公共设施;紧急避难场所;紧急避难场所,200400,甘孜藏族自治州,513337
理塘县格萨尔王广场-应急避难场所,团结路北段62号,100.268920,29.993764,,公共设施;紧急避难场所;紧急避难场所,200400,甘孜藏族自治州,513334
应急避难场所(雅江县中学),城南大桥与解放街交叉口东北200米,101.013674,30.025258,,公共设施;紧急避难场所;紧急避难场所,200400,甘孜藏族自治州,513325
泸定县第一中学应急避难场所,火炬路1号,102.225891,29.902246,,公共设施;紧急避难场所;紧急避难场所,200400,甘孜藏族自治州,513322
巴塘县德达乡牧业村应急避难场所,德达乡牧业村活动室,99.679643,30.289574,,公共设施;公共设施;公共设施,200000,甘孜藏族自治州,513335
应急避难场所(甘孜县下雄乡小学),下雄乡阿德村,100.005521,31.753312,,公共设施;紧急避难场所;紧急避难场所,200400,甘孜藏族自治州,513328
应急避难场所(四川民族学院A区),211省道四川民族学院A校区,102.174839,30.095613,,公共设施;紧急避难场所;紧急避难场所,200400,甘孜藏族自治州,513301
应急避难场所(大风湾村广场),康东大道72号,101.974932,30.054741,,公共设施;紧急避难场所;紧急避难场所,200400,甘孜藏族自治州,513301
应急避难场所(新城广场),茶马路,101.956238,29.998568,,公共设施;紧急避难场所;紧急避难场所,200400,甘孜藏族自治州,513301
巴塘县亚日贡乡幼儿园应急避难场所,亚日贡乡小学西南侧,99.366199,29.460416,,公共设施;紧急避难场所;紧急避难场所,200400,甘孜藏族自治州,513335
应急避难场所,太和老街面条厂东侧,102.164379,27.896450,,公共设施;公共设施;公共设施,200000,凉山彝族自治州,513401
邦驭三岔口店石榴籽驿站(工会驿站),三岔口东路45号攀西幼儿园门口,102.268740,27.883751,,生活服务;生活服务场所;生活服务场所,070000,凉山彝族自治州,513401
应急避难场所,市第一小学东南侧200米,102.246421,26.662050,,公共设施;公共设施;公共设施,200000,凉山彝族自治州,513402
应急避难场所,北关与西关交叉口东北20米,102.244877,26.661779,,公共设施;公共设施;公共设施,200000,凉山彝族自治州,513402
应急避险场所,谷克德中学北侧200米,102.432066,27.851713,,公共设施;公共设施;公共设施,200000,凉山彝族自治州,513401
应急避难场所,西环线中段与县府街交叉口西南340米,102.238884,26.652903,,公共设施;公共设施;公共设施,200000,凉山彝族自治州,513402
应急避难场所(观鸟岛湿地公园),观海路三段与海口路交叉口南220米,102.270278,27.842169,,公共设施;公共设施;公共设施,200000,凉山彝族自治州,513401
应急避难场所(九嘎路北段),九嘎路北段与都寨大道交叉口北50米,102.810029,27.712528,,公共设施;紧急避难场所;紧急避难场所,200400,凉山彝族自治州,513429
应急避险场所,中共越西县委党校西南侧,102.489432,28.582316,,公共设施;公共设施;公共设施,200000,凉山彝族自治州,513434
应急避难场所,文化路与团结南街交叉口东60米,102.772573,28.965443,,公共设施;公共设施;公共设施,200000,凉山彝族自治州,513435
应急避难场所,西关与顺城西路交叉口东80米,102.241866,26.661392,,公共设施;公共设施;公共设施,200000,凉山彝族自治州,513402
应急避难场所,特觉上街与步步路交叉口西南460米,102.802873,27.702717,,公共设施;紧急避难场所;紧急避难场所,200400,凉山彝族自治州,513429
